{
  "total_with_examples": 175,
  "example_summary": {
    "6": 1,
    "7": 1,
    "15": 2,
    "20": 6,
    "22": 15,
    "73": 2,
    "74": 15,
    "77": 10,
    "78": 16,
    "79": 15,
    "88": 2,
    "89": 19,
    "90": 1,
    "94": 9,
    "95": 6,
    "98": 5,
    "99": 2,
    "102": 1,
    "103": 2,
    "104": 2,
    "105": 3,
    "106": 3,
    "107": 2,
    "109": 1,
    "110": 2,
    "111": 2,
    "112": 2,
    "113": 4,
    "116": 8,
    "117": 1,
    "119": 5,
    "120": 4,
    "129": 10,
    "130": 1,
    "131": 5,
    "134": 3,
    "185": 2,
    "190": 5,
    "191": 2,
    "192": 2,
    "197": 4,
    "200": 10,
    "201": 1,
    "204": 2,
    "209": 4,
    "242": 2,
    "245": 2,
    "246": 1,
    "248": 1,
    "250": 5,
    "259": 6,
    "266": 4,
    "267": 1,
    "285": 2,
    "287": 2,
    "288": 3,
    "295": 5,
    "296": 1,
    "297": 1,
    "298": 1,
    "299": 1,
    "300": 1,
    "306": 4,
    "307": 4,
    "311": 3,
    "312": 11,
    "321": 3,
    "325": 1,
    "327": 5,
    "330": 2,
    "331": 2,
    "338": 2,
    "340": 1,
    "347": 1,
    "352": 3,
    "359": 3,
    "362": 4,
    "366": 2,
    "367": 4,
    "374": 3,
    "375": 1,
    "382": 1,
    "383": 1,
    "384": 2,
    "390": 6,
    "395": 1,
    "396": 2,
    "397": 3,
    "400": 9,
    "404": 7,
    "407": 2,
    "425": 1,
    "427": 2,
    "434": 7,
    "441": 2,
    "444": 8,
    "456": 13,
    "460": 1,
    "462": 1,
    "470": 3,
    "472": 2,
    "476": 4,
    "478": 10,
    "481": 7,
    "484": 2,
    "486": 4,
    "487": 1,
    "489": 3,
    "491": 2,
    "492": 8,
    "493": 3,
    "494": 2,
    "495": 2,
    "496": 1,
    "497": 5,
    "498": 2,
    "499": 1,
    "500": 4,
    "502": 3,
    "506": 1,
    "522": 7,
    "537": 2,
    "538": 1,
    "540": 3,
    "543": 1,
    "552": 5,
    "565": 1,
    "566": 1,
    "567": 1,
    "568": 1,
    "572": 1,
    "574": 1,
    "575": 3,
    "576": 2,
    "577": 2,
    "578": 2,
    "579": 1,
    "580": 1,
    "582": 1,
    "583": 1,
    "585": 2,
    "586": 1,
    "594": 2,
    "595": 4,
    "601": 4,
    "602": 2,
    "607": 1,
    "608": 2,
    "609": 2,
    "613": 1,
    "614": 1,
    "615": 1,
    "643": 3,
    "644": 1,
    "682": 3,
    "754": 13,
    "766": 4,
    "767": 2,
    "770": 7,
    "778": 7,
    "790": 4,
    "798": 9,
    "825": 2,
    "829": 2,
    "862": 2,
    "863": 1,
    "915": 3,
    "925": 3,
    "926": 2,
    "927": 8,
    "1022": 5,
    "1235": 2,
    "1275": 3,
    "1335": 3,
    "1341": 4
  }
}